,AST,DRR,EWA,GP,MPG,No statistics available.,No statistics available..1,No statistics available..10,No statistics available..11,No statistics available..12,No statistics available..13,No statistics available..2,No statistics available..3,No statistics available..4,No statistics available..5,No statistics available..6,No statistics available..7,No statistics available..8,No statistics available..9,ORR,PER,PLAYER,REBR,RK,TO,TS%,USG,VA
0,23.4,28.8,27.5,81,34.6,,,,,,,,,,,,,,,5.4,30.70,"Russell Westbrook, OKC",17.1,1,12.2,.554,42.5,823.7
1,18.4,23.6,17.7,62,33.4,,,,,,,,,,,,,,,2.2,27.68,"Kevin Durant, GS",13.6,2,8.5,.651,26.7,530.7
2,13.3,15.7,21.1,74,33.4,,,,,,,,,,,,,,,3.7,27.62,"Kawhi Leonard, SA",9.8,3,7.9,.610,29.6,632.4
3,7.3,27.9,21.7,75,36.1,,,,,,,,,,,,,,,6.7,27.59,"Anthony Davis, NO",17.2,4,8.4,.580,29.8,650.4
4,27.6,20.9,24.8,81,36.4,,,,,,,,,,,,,,,3.5,27.43,"James Harden, HOU",12.2,5,14.1,.613,35.1,744.7
5,25.6,20.7,23.1,74,37.8,,,,,,,,,,,,,,,4.0,27.11,"LeBron James, CLE",12.6,6,12.0,.619,30.1,692.7
6,18.5,7.0,19.9,76,33.8,,,,,,,,,,,,,,,1.9,26.59,"Isaiah Thomas, BOS",4.4,7,8.7,.625,32.8,597.9
7,24.2,27.2,15.1,73,27.9,,,,,,,,,,,,,,,11.6,26.40,"Nikola Jokic, DEN",19.5,8,11.5,.640,24.0,453.3
8,35.0,14.9,14.6,61,31.5,,,,,,,,,,,,,,,2.4,26.25,"Chris Paul, LAC",8.8,9,9.1,.614,25.8,437.3
9,19.8,22.6,22.1,80,35.6,,,,,,,,,,,,,,,5.9,26.13,"Giannis Antetokounmpo, MIL",14.3,10,10.7,.599,27.4,663.7
10,AST,DRR,EWA,GP,MPG,,,,,,,,,,,,,,,ORR,PER,PLAYER,REBR,RK,TO,TS%,USG,VA
11,10.5,27.8,23.2,82,37.0,,,,,,,,,,,,,,,11.2,26.00,"Karl-Anthony Towns, MIN",19.4,11,10.1,.618,26.2,696.6
12,14.3,29.2,17.6,72,34.2,,,,,,,,,,,,,,,7.0,25.84,"DeMarcus Cousins, NO/SAC",18.2,12,11.6,.562,31.0,527.4
13,4.0,20.1,5.4,77,9.6,,,,,,,,,,,,,,,15.9,25.26,"JaVale McGee, GS",18.1,13,9.4,.642,21.6,161.7
14,19.6,13.2,20.5,76,37.0,,,,,,,,,,,,,,,4.9,25.19,"Jimmy Butler, CHI",9.0,14,7.5,.586,26.6,616.0
15,22.2,11.4,18.0,79,33.4,,,,,,,,,,,,,,,2.7,24.74,"Stephen Curry, GS",7.3,15,10.1,.624,29.5,541.1
16,18.6,13.3,17.6,75,35.9,,,,,,,,,,,,,,,1.9,24.15,"Damian Lillard, POR",7.6,16,8.3,.586,30.7,528.7
17,9.2,25.6,5.3,31,25.4,,,,,,,,,,,,,,,8.5,24.15,"Joel Embiid, PHI",17.0,,16.3,.585,33.6,159.0
18,12.6,13.6,17.7,74,35.4,,,,,,,,,,,,,,,3.0,24.09,"DeMar DeRozan, TOR",8.3,18,7.8,.552,32.7,531.4
19,6.4,20.8,10.0,72,21.3,,,,,,,,,,,,,,,14.1,23.74,"Enes Kanter, OKC",17.4,19,11.7,.599,25.8,300.5
20,9.0,29.5,17.4,81,33.9,,,,,,,,,,,,,,,13.6,23.31,"Rudy Gobert, UTAH",21.8,20,13.6,.681,15.6,520.5
21,AST,DRR,EWA,GP,MPG,,,,,,,,,,,,,,,ORR,PER,PLAYER,REBR,RK,TO,TS%,USG,VA
22,29.5,10.6,17.3,78,36.4,,,,,,,,,,,,,,,2.4,23.28,"John Wall, WSH",6.5,21,11.4,.541,31.7,519.7
23,24.6,10.8,14.0,69,33.2,,,,,,,,,,,,,,,1.5,23.26,"Mike Conley, MEM",6.0,22,8.9,.604,26.8,419.3
24,19.3,7.5,15.2,72,35.1,,,,,,,,,,,,,,,2.3,23.09,"Kyrie Irving, CLE",5.0,23,8.3,.580,29.9,455.6
25,25.0,12.0,13.3,60,37.4,,,,,,,,,,,,,,,2.4,22.92,"Kyle Lowry, TOR",7.2,24,10.4,.623,25.2,399.1
26,18.8,20.2,11.6,61,34.0,,,,,,,,,,,,,,,6.2,22.71,"Blake Griffin, LAC",13.4,25,8.9,.569,27.1,347.3
27,4.2,35.3,15.1,77,32.6,,,,,,,,,,,,,,,12.8,22.68,"Hassan Whiteside, MIA",24.0,26,11.5,.579,21.0,453.2
28,14.5,15.4,14.7,73,34.5,,,,,,,,,,,,,,,2.3,22.23,"Gordon Hayward, UTAH",9.0,27,8.1,.595,26.3,440.6
29,9.8,34.6,14.4,81,31.7,,,,,,,,,,,,,,,13.3,21.84,"DeAndre Jordan, LAC",24.2,28,11.8,.673,14.3,431.2
30,8.0,24.5,8.4,65,23.9,,,,,,,,,,,,,,,12.5,21.48,"Clint Capela, HOU",18.5,29,11.0,.638,18.6,251.8
31,15.0,9.9,10.8,81,24.6,,,,,,,,,,,,,,,1.4,21.44,"Lou Williams, HOU/LAL",5.5,30,10.0,.593,24.3,325.5
32,AST,DRR,EWA,GP,MPG,,,,,,,,,,,,,,,ORR,PER,PLAYER,REBR,RK,TO,TS%,USG,VA
33,19.6,10.6,14.2,79,34.7,,,,,,,,,,,,,,,1.8,21.41,"Kemba Walker, CHA",6.2,31,7.6,.569,28.3,425.4
34,16.2,23.1,9.6,81,22.5,,,,,,,,,,,,,,,10.8,21.23,"Greg Monroe, MIL",17.0,32,12.1,.573,23.1,289.3
35,9.4,29.3,9.1,60,31.4,,,,,,,,,,,,,,,8.9,21.18,"Kevin Love, CLE",19.5,33,9.9,.573,24.6,272.4
36,6.9,36.2,12.4,81,29.7,,,,,,,,,,,,,,,15.1,20.91,"Andre Drummond, DET",25.2,34,11.6,.518,21.1,370.8
37,9.7,31.7,11.3,74,29.7,,,,,,,,,,,,,,,15.0,20.89,"Dwight Howard, ATL",23.5,35,15.8,.627,18.1,337.8
38,18.2,24.8,6.1,79,15.6,,,,,,,,,,,,,,,13.7,20.59,"Kyle O'Quinn, NY",19.2,36,11.8,.552,18.4,183.2
39,22.3,13.8,10.3,66,33.0,,,,,,,,,,,,,,,2.5,20.56,"Eric Bledsoe, PHX",8.0,37,11.9,.563,28.2,310.5
40,10.4,13.3,10.9,75,29.6,,,,,,,,,,,,,,,5.8,20.48,"Brook Lopez, BKN",9.6,38,10.9,.578,27.0,327.7
41,10.9,22.2,4.6,51,20.5,,,,,,,,,,,,,,,9.8,20.40,"Nerlens Noel, DAL/PHI",15.8,39,11.1,.622,16.0,139.1
42,9.0,23.6,5.7,61,21.2,,,,,,,,,,,,,,,15.8,20.36,"Kenneth Faried, DEN",19.7,40,9.6,.588,17.4,171.3
43,AST,DRR,EWA,GP,MPG,,,,,,,,,,,,,,,ORR,PER,PLAYER,REBR,RK,TO,TS%,USG,VA
44,18.7,18.7,12.2,74,34.2,,,,,,,,,,,,,,,2.6,20.32,"Marc Gasol, MEM",10.5,41,9.2,.554,26.1,367.1
45,12.7,17.9,13.1,75,35.9,,,,,,,,,,,,,,,2.5,20.30,"Paul George, IND",10.3,42,11.1,.587,27.2,393.4
46,16.4,26.8,7.8,64,25.4,,,,,,,,,,,,,,,7.6,20.23,"Pau Gasol, SA",17.4,43,8.8,.578,20.5,233.8
47,14.1,7.8,13.0,77,34.9,,,,,,,,,,,,,,,2.2,20.21,"Bradley Beal, WSH",5.0,44,8.2,.604,25.4,388.9
48,5.9,29.1,9.8,80,25.8,,,,,,,,,,,,,,,12.4,20.13,"Jonas Valanciunas, TOR",20.8,45,11.0,.601,18.2,293.8
49,14.1,9.1,13.2,80,35.0,,,,,,,,,,,,,,,2.4,19.99,"CJ McCollum, POR",5.7,46,8.5,.585,26.2,395.9
50,22.0,9.9,10.8,73,33.7,,,,,,,,,,,,,,,2.8,19.84,"Goran Dragic, MIA",6.3,47,11.0,.575,27.0,324.3
51,7.6,16.2,2.4,52,11.1,,,,,,,,,,,,,,,8.6,19.71,"Brandon Bass, LAC",12.5,48,10.6,.650,18.2,70.7
52,6.1,31.2,2.8,47,15.1,,,,,,,,,,,,,,,14.0,19.59,"Alan Williams, PHX",22.4,49,9.8,.547,19.6,85.4
53,20.8,10.5,6.4,49,31.5,,,,,,,,,,,,,,,1.8,19.38,"George Hill, UTAH",6.2,50,8.7,.599,23.1,193.0
0,25.1,14.7,3.7,36,24.5,,,,,,,,,,,,,,,1.3,19.33,"Jeremy Lin, BKN",8.1,51,11.7,.566,26.3,109.8
1,32.8,12.4,10.9,82,32.4,,,,,,,,,,,,,,,1.4,19.24,"Jeff Teague, IND",7.0,52,11.1,.574,23.0,326.6
2,12.6,14.2,4.1,58,18.3,,,,,,,,,,,,,,,8.3,19.23,"Montrezl Harrell, HOU",11.2,53,8.7,.662,16.8,122.8
3,14.6,31.3,9.2,75,28.8,,,,,,,,,,,,,,,8.6,19.19,"Nikola Vucevic, ORL",19.6,54,8.2,.498,23.7,277.3
4,12.4,15.7,6.6,51,33.9,,,,,,,,,,,,,,,5.4,19.15,"Jabari Parker, MIL",10.6,55,8.1,.563,24.8,197.2
5,13.4,27.1,5.5,72,18.4,,,,,,,,,,,,,,,13.8,19.00,"Willy Hernangomez, NY",20.4,56,14.0,.564,19.7,166.0
6,9.5,24.2,3.9,66,14.1,,,,,,,,,,,,,,,9.2,18.96,"Al Jefferson, IND",16.8,57,5.5,.526,24.2,116.2
7,10.5,17.0,5.0,67,17.9,,,,,,,,,,,,,,,8.6,18.91,"Nene , HOU",12.8,58,11.7,.630,18.6,148.7
8,9.9,16.6,8.3,72,32.4,,,,,,,,,,,,,,,8.5,18.66,"LaMarcus Aldridge, SA",12.7,59,7.0,.532,23.0,249.4
9,10.2,20.1,4.2,57,20.9,,,,,,,,,,,,,,,8.7,18.61,"Richaun Holmes, PHI",14.4,60,9.6,.611,17.4,126.6
10,AST,DRR,EWA,GP,MPG,,,,,,,,,,,,,,,ORR,PER,PLAYER,REBR,RK,TO,TS%,USG,VA
11,9.6,27.4,6.3,73,24.5,,,,,,,,,,,,,,,11.3,18.58,"Zach Randolph, MEM",19.2,61,7.8,.490,27.7,188.6
12,15.8,12.6,7.2,60,29.9,,,,,,,,,,,,,,,3.8,18.55,"Dwyane Wade, CHI",8.1,62,9.6,.508,29.2,215.2
13,8.7,19.6,10.0,81,31.4,,,,,,,,,,,,,,,6.2,18.51,"Myles Turner, IND",13.0,63,8.7,.585,18.1,300.1
14,18.2,21.9,5.1,79,18.7,,,,,,,,,,,,,,,11.7,18.48,"David Lee, SA",16.9,64,12.2,.613,16.4,154.0
15,24.2,22.4,8.1,81,26.5,,,,,,,,,,,,,,,8.8,18.18,"Mason Plumlee, DEN/POR",15.6,65,11.4,.558,17.6,242.9
16,11.1,16.0,9.4,74,34.3,,,,,,,,,,,,,,,2.6,17.96,"Carmelo Anthony, NY",9.3,66,8.0,.535,28.0,282.6
17,12.6,17.5,3.8,30,33.8,,,,,,,,,,,,,,,4.0,17.95,"Rudy Gay, SAC",10.8,67,11.2,.559,24.3,112.7
18,16.2,19.5,7.5,69,34.0,,,,,,,,,,,,,,,5.3,17.91,"Paul Millsap, ATL",12.5,68,10.1,.542,23.5,224.1
19,9.3,18.9,3.4,56,16.7,,,,,,,,,,,,,,,5.0,17.91,"Michael Beasley, MIL",12.0,,11.6,.584,23.4,103.4
20,25.7,18.6,7.8,68,32.3,,,,,,,,,,,,,,,4.9,17.77,"Al Horford, BOS",11.8,70,8.8,.553,19.7,234.7
21,AST,DRR,EWA,GP,MPG,,,,,,,,,,,,,,,ORR,PER,PLAYER,REBR,RK,TO,TS%,USG,VA
22,9.4,19.5,4.1,77,17.3,,,,,,,,,,,,,,,7.7,17.66,"Dwight Powell, DAL",13.3,71,6.5,.588,15.4,122.5
23,8.9,24.1,4.5,82,15.7,,,,,,,,,,,,,,,7.9,17.62,"Marreese Speights, LAC",16.2,72,9.3,.584,21.9,134.7
24,13.8,24.8,4.8,65,21.4,,,,,,,,,,,,,,,12.3,17.57,"Jusuf Nurkic, DEN/POR",18.6,73,16.0,.528,21.8,144.7
25,9.1,9.2,9.3,78,34.0,,,,,,,,,,,,,,,2.2,17.53,"Klay Thompson, GS",5.9,74,7.3,.592,24.1,278.0
26,7.4,18.2,6.4,66,32.8,,,,,,,,,,,,,,,5.5,17.49,"Kristaps Porzingis, NY",11.8,75,9.0,.546,23.1,193.3
27,11.9,14.7,7.3,63,33.9,,,,,,,,,,,,,,,2.0,17.41,"Danilo Gallinari, DEN",8.4,76,7.2,.622,19.2,220.2
28,10.3,28.1,1.6,48,11.7,,,,,,,,,,,,,,,15.8,17.38,"Thomas Robinson, LAL",21.8,77,15.2,.535,19.7,49.1
29,11.9,17.1,8.9,80,32.6,,,,,,,,,,,,,,,5.1,17.35,"Otto Porter Jr., WSH",11.1,78,4.3,.628,14.3,266.3
30,31.1,11.9,2.4,35,22.0,,,,,,,,,,,,,,,1.3,17.26,"J.J. Barea, DAL",6.3,79,10.1,.521,26.8,72.0
31,30.9,13.9,7.5,82,29.4,,,,,,,,,,,,,,,3.9,17.25,"Elfrid Payton, ORL",8.7,80,10.4,.520,22.5,225.1
32,AST,DRR,EWA,GP,MPG,,,,,,,,,,,,,,,ORR,PER,PLAYER,REBR,RK,TO,TS%,USG,VA
33,29.6,10.6,6.7,67,32.7,,,,,,,,,,,,,,,2.2,17.19,"Jrue Holiday, NO",6.4,81,11.8,.532,23.8,202.4
34,6.8,22.0,2.9,71,14.5,,,,,,,,,,,,,,,13.7,17.14,"Willie Reed, MIA",17.8,82,8.1,.578,14.3,86.9
35,9.5,28.3,4.0,54,26.4,,,,,,,,,,,,,,,1.8,17.10,"Dirk Nowitzki, DAL",14.4,83,5.9,.529,23.7,118.9
36,11.2,22.7,3.7,62,18.4,,,,,,,,,,,,,,,2.9,17.09,"Jeremy Lamb, CHA",12.7,84,6.0,.550,21.6,112.3
37,18.6,9.3,6.3,64,32.5,,,,,,,,,,,,,,,3.4,17.05,"Derrick Rose, NY",6.4,85,9.7,.530,25.6,188.0
38,21.1,16.6,5.7,76,27.4,,,,,,,,,,,,,,,3.5,17.03,"James Johnson, MIA",10.0,86,13.0,.565,21.9,171.9
39,9.4,21.9,1.9,38,16.0,,,,,,,,,,,,,,,7.1,17.02,"Ivica Zubac, LAL",14.3,87,9.4,.547,19.3,58.4
40,10.1,15.6,8.2,82,31.3,,,,,,,,,,,,,,,2.6,16.95,"Tobias Harris, DET",8.8,88,6.9,.568,20.7,247.0
41,8.6,20.7,1.6,33,18.5,,,,,,,,,,,,,,,9.7,16.91,"Skal Labissiere, SAC",15.3,89,11.8,.577,19.7,49.4
42,41.3,11.4,7.2,75,32.9,,,,,,,,,,,,,,,3.2,16.87,"Ricky Rubio, MIN",7.2,90,11.8,.539,19.7,216.1
43,AST,DRR,EWA,GP,MPG,,,,,,,,,,,,,,,ORR,PER,PLAYER,REBR,RK,TO,TS%,USG,VA
44,14.3,17.3,5.2,62,27.8,,,,,,,,,,,,,,,8.6,16.70,"Cody Zeller, CHA",12.9,91,9.4,.604,14.7,157.1
45,7.9,33.2,3.9,47,27.6,,,,,,,,,,,,,,,12.5,16.63,"Tyson Chandler, PHX",22.6,92,17.2,.703,10.6,116.7
46,8.7,8.8,9.3,82,37.2,,,,,,,,,,,,,,,3.8,16.62,"Andrew Wiggins, MIN",6.3,93,8.6,.534,27.5,278.2
47,29.8,18.8,2.2,68,12.6,,,,,,,,,,,,,,,6.5,16.57,"David West, GS",13.0,94,15.6,.571,18.4,64.7
48,17.5,8.0,5.3,57,31.3,,,,,,,,,,,,,,,3.0,16.52,"Gary Harris, DEN",5.5,95,8.1,.611,18.2,160.1
49,8.6,15.4,7.0,80,29.9,,,,,,,,,,,,,,,13.0,16.51,"Steven Adams, OKC",14.2,96,14.6,.589,15.5,210.7
50,36.5,20.9,6.2,76,32.5,,,,,,,,,,,,,,,4.7,16.51,"Draymond Green, GS",13.3,,12.6,.522,17.3,184.7
51,6.2,19.0,6.0,79,30.7,,,,,,,,,,,,,,,5.8,16.46,"Serge Ibaka, ORL/TOR",12.2,98,8.6,.566,19.3,179.4
52,11.5,20.4,4.1,75,18.9,,,,,,,,,,,,,,,7.0,16.37,"Willie Cauley-Stein, SAC",13.7,99,9.9,.558,18.4,122.4
53,7.2,13.1,8.1,79,35.5,,,,,,,,,,,,,,,3.7,16.34,"Harrison Barnes, DAL",8.2,100,6.3,.541,23.1,244.3
0,19.8,25.8,5.1,74,28.8,,,,,,,,,,,,,,,7.5,16.32,"Julius Randle, LAL",16.3,101,13.0,.543,21.3,153.2
1,34.6,10.3,1.4,39,14.4,,,,,,,,,,,,,,,1.1,16.20,"Beno Udrih, DET",5.6,102,9.5,.535,21.2,43.5
2,24.0,9.0,6.4,79,31.5,,,,,,,,,,,,,,,1.9,16.18,"Dennis Schroder, ATL",5.5,103,12.4,.533,27.9,192.0
3,8.8,20.1,0.0,54,23.5,,,,,,,,,,,,,,,5.4,16.17,"Terrence Jones, NO/MIL",12.7,104,7.1,.515,19.7,0.0
4,22.7,22.0,3.5,70,18.1,,,,,,,,,,,,,,,12.9,16.14,"Zaza Pachulia, GS",17.7,105,15.0,.588,15.0,104.8
5,10.9,30.6,3.6,76,17.5,,,,,,,,,,,,,,,11.2,16.00,"Dewayne Dedmon, SA",21.1,106,15.1,.645,11.6,107.1
6,18.5,12.5,5.9,73,29.8,,,,,,,,,,,,,,,2.5,15.94,"Tyler Johnson, MIA",7.4,107,7.2,.535,20.5,176.6
7,9.6,20.2,2.6,50,23.7,,,,,,,,,,,,,,,9.2,15.88,"Derrick Favors, UTAH",14.9,108,10.3,.512,19.3,77.5
8,26.1,18.4,7.0,77,34.0,,,,,,,,,,,,,,,1.9,15.86,"Nicolas Batum, CHA",10.1,109,11.1,.529,22.3,209.4
9,17.5,19.6,3.1,63,22.9,,,,,,,,,,,,,,,8.8,15.76,"Larry Nance Jr., LAL",14.0,110,10.2,.567,13.2,91.7
10,AST,DRR,EWA,GP,MPG,,,,,,,,,,,,,,,ORR,PER,PLAYER,REBR,RK,TO,TS%,USG,VA
11,6.9,19.3,2.9,74,18.9,,,,,,,,,,,,,,,3.0,15.72,"Channing Frye, CLE",11.4,111,8.1,.612,17.8,88.1
12,15.3,25.5,3.7,71,24.7,,,,,,,,,,,,,,,8.7,15.71,"Trevor Booker, BKN",17.2,112,14.0,.554,17.7,110.2
13,18.8,21.4,1.7,54,14.8,,,,,,,,,,,,,,,5.3,15.69,"Spencer Hawes, MIL/CHA",13.3,113,11.4,.562,19.6,49.8
14,7.4,11.7,5.2,66,31.0,,,,,,,,,,,,,,,6.5,15.64,"T.J. Warren, PHX",9.0,114,5.6,.539,18.1,157.1
15,19.6,12.9,4.3,60,28.4,,,,,,,,,,,,,,,3.8,15.55,"Will Barton, DEN",8.4,115,9.2,.547,21.1,128.6
16,20.8,17.2,2.0,40,19.7,,,,,,,,,,,,,,,1.8,15.53,"Tyreke Evans, NO/SAC",9.5,116,10.2,.501,26.8,59.2
17,18.3,9.3,5.1,70,29.0,,,,,,,,,,,,,,,1.4,15.52,"Seth Curry, DAL",5.1,117,9.0,.601,18.6,152.0
18,15.4,16.8,2.7,57,19.1,,,,,,,,,,,,,,,8.5,15.51,"Lucas Nogueira, TOR",12.7,118,16.8,.682,9.2,79.7
19,12.3,26.8,6.2,82,31.2,,,,,,,,,,,,,,,10.6,15.48,"Marcin Gortat, WSH",18.7,119,12.1,.593,14.0,186.1
20,30.9,9.0,3.8,69,25.1,,,,,,,,,,,,,,,3.0,15.42,"Ty Lawson, SAC",6.0,120,11.9,.551,20.2,114.2
21,AST,DRR,EWA,GP,MPG,,,,,,,,,,,,,,,ORR,PER,PLAYER,REBR,RK,TO,TS%,USG,VA
22,25.7,7.1,4.5,68,30.3,,,,,,,,,,,,,,,1.3,15.37,"Darren Collison, SAC",4.3,121,9.4,.570,19.9,134.5
23,21.2,11.9,3.9,63,28.7,,,,,,,,,,,,,,,1.8,15.36,"D'Angelo Russell, LAL",6.7,122,12.3,.518,26.5,117.9
24,12.3,20.8,2.7,58,19.4,,,,,,,,,,,,,,,9.7,15.35,"John Henson, MIL",15.3,123,11.2,.550,15.5,79.5
25,11.9,19.5,2.0,66,15.8,,,,,,,,,,,,,,,12.8,15.34,"Cristiano Felicio, CHI",16.1,124,9.9,.603,12.0,59.7
26,18.4,20.7,3.6,75,20.5,,,,,,,,,,,,,,,5.3,15.32,"Kelly Olynyk, BOS",13.1,125,11.9,.603,18.3,108.4
27,11.5,19.6,5.5,78,29.9,,,,,,,,,,,,,,,13.9,15.32,"Tristan Thompson, CLE",16.9,,9.5,.594,10.7,164.4
28,26.9,7.4,3.7,80,21.9,,,,,,,,,,,,,,,1.6,15.28,"Patty Mills, SA",4.6,127,9.7,.578,19.9,112.0
29,14.1,9.5,5.1,79,27.3,,,,,,,,,,,,,,,1.8,15.26,"Tim Hardaway Jr., ATL",5.7,128,8.2,.568,21.5,152.9
30,25.9,25.7,2.3,46,22.1,,,,,,,,,,,,,,,17.1,15.25,"Joakim Noah, NY",21.4,129,14.6,.491,13.0,70.5
31,8.9,20.7,2.4,67,16.3,,,,,,,,,,,,,,,13.8,15.09,"Tarik Black, LAL",17.1,130,13.2,.562,14.8,73.2
32,AST,DRR,EWA,GP,MPG,,,,,,,,,,,,,,,ORR,PER,PLAYER,REBR,RK,TO,TS%,USG,VA
33,18.4,14.4,2.0,29,30.7,,,,,,,,,,,,,,,1.5,15.07,"Khris Middleton, MIL",8.0,131,12.1,.570,21.7,60.7
34,7.6,18.0,3.5,78,25.5,,,,,,,,,,,,,,,8.6,15.07,"Taj Gibson, CHI/OKC",13.2,,11.0,.543,18.3,105.9
35,6.3,25.3,3.4,77,20.3,,,,,,,,,,,,,,,10.6,15.04,"Alex Len, PHX",17.8,133,14.6,.553,16.5,103.3
36,22.2,17.0,2.8,80,20.1,,,,,,,,,,,,,,,8.3,15.03,"Amir Johnson, BOS",12.7,134,12.2,.628,13.3,84.7
37,4.5,10.6,3.4,78,19.4,,,,,,,,,,,,,,,6.4,15.00,"Shabazz Muhammad, MIN",8.5,135,7.2,.566,20.1,101.9
38,11.0,17.8,4.9,71,30.9,,,,,,,,,,,,,,,5.2,15.00,"Wilson Chandler, DEN",11.6,,8.9,.545,21.2,147.4
39,14.8,17.3,5.2,72,32.4,,,,,,,,,,,,,,,2.3,14.99,"Jae Crowder, BOS",9.9,137,7.6,.613,16.1,156.5
40,7.4,24.0,1.7,64,15.6,,,,,,,,,,,,,,,8.0,14.99,"Bobby Portis, CHI",15.9,,7.8,.545,18.2,52.1
41,13.0,15.7,3.9,74,30.2,,,,,,,,,,,,,,,6.7,14.96,"Thaddeus Young, IND",11.2,139,10.1,.562,15.5,115.7
42,24.1,7.4,2.8,52,27.4,,,,,,,,,,,,,,,1.6,14.94,"Reggie Jackson, DET",4.4,140,10.2,.510,26.9,83.7
43,AST,DRR,EWA,GP,MPG,,,,,,,,,,,,,,,ORR,PER,PLAYER,REBR,RK,TO,TS%,USG,VA
44,28.3,9.6,4.3,75,26.4,,,,,,,,,,,,,,,2.8,14.90,"Malcolm Brogdon, MIL",6.3,141,10.1,.555,18.7,130.3
45,8.4,15.5,2.4,50,22.7,,,,,,,,,,,,,,,7.9,14.88,"Jahlil Okafor, PHI",11.7,142,13.2,.546,22.5,72.5
46,9.3,7.9,4.8,78,28.2,,,,,,,,,,,,,,,0.6,14.87,"JJ Redick, LAC",4.4,143,8.3,.599,20.4,143.3
47,6.4,28.4,1.9,73,12.4,,,,,,,,,,,,,,,11.9,14.86,"Salah Mejri, DAL",19.8,144,18.4,.650,9.7,57.5
48,31.6,12.4,3.7,81,24.1,,,,,,,,,,,,,,,1.1,14.79,"Ish Smith, DET",6.6,145,8.5,.477,21.7,110.5
49,14.0,9.5,3.2,47,37.2,,,,,,,,,,,,,,,1.2,14.69,"Zach LaVine, MIN",5.3,146,8.5,.576,21.0,96.4
50,11.3,0.0,3.4,82,26.1,,,,,,,,,,,,,,,0.0,14.65,"Ersan Ilyasova, ATL/PHI/OKC",0.0,147,9.3,.546,18.8,100.8
51,12.6,8.3,5.6,78,35.0,,,,,,,,,,,,,,,1.8,14.64,"Devin Booker, PHX",5.0,148,11.3,.531,27.5,168.9
52,19.6,10.9,2.8,46,30.1,,,,,,,,,,,,,,,1.4,14.61,"Dion Waiters, MIA",6.1,149,10.1,.507,26.0,84.8
53,9.0,20.9,2.5,70,24.0,,,,,,,,,,,,,,,3.9,14.54,"Nikola Mirotic, CHI",12.3,150,9.6,.546,18.9,76.1
0,11.9,16.2,3.7,55,33.4,,,,,,,,,,,,,,,4.0,14.52,"Avery Bradley, BOS",10.1,151,8.6,.548,20.5,110.0
1,12.5,14.1,3.4,80,28.7,,,,,,,,,,,,,,,5.3,14.52,"Aaron Gordon, ORL",9.6,,7.4,.530,19.1,103.4
2,8.1,13.2,4.4,81,28.0,,,,,,,,,,,,,,,11.5,14.47,"Robin Lopez, CHI",12.3,153,9.2,.511,16.7,131.0
3,8.9,20.0,1.1,49,11.4,,,,,,,,,,,,,,,8.3,14.47,"Kevin Seraphin, IND",14.3,,11.2,.559,17.6,32.3
4,18.4,14.3,1.8,70,17.7,,,,,,,,,,,,,,,6.9,14.43,"Mike Muscala, ATL",10.6,155,10.8,.596,14.5,54.2
5,33.5,13.1,3.8,76,26.3,,,,,,,,,,,,,,,3.0,14.37,"Andre Iguodala, GS",8.3,156,7.4,.624,11.7,115.3
6,13.1,19.3,4.4,81,29.0,,,,,,,,,,,,,,,7.3,14.30,"Michael Kidd-Gilchrist, CHA",13.2,157,6.4,.528,13.7,133.1
7,12.7,17.5,2.6,75,25.9,,,,,,,,,,,,,,,5.5,14.21,"Jon Leuer, DET",11.3,158,7.6,.551,16.7,78.7
8,15.8,20.5,3.5,82,32.4,,,,,,,,,,,,,,,8.1,14.19,"Gorgui Dieng, MIN",14.2,159,10.7,.555,13.7,106.4
9,9.6,20.8,1.0,31,17.9,,,,,,,,,,,,,,,9.6,14.15,"Ian Mahinmi, WSH",15.2,160,17.3,.601,13.2,29.4
10,AST,DRR,EWA,GP,MPG,,,,,,,,,,,,,,,ORR,PER,PLAYER,REBR,RK,TO,TS%,USG,VA
11,7.6,8.2,2.8,60,25.9,,,,,,,,,,,,,,,1.7,14.12,"Nick Young, LAL",4.8,161,4.7,.588,18.3,84.0
12,11.3,11.8,2.4,76,18.0,,,,,,,,,,,,,,,2.2,14.09,"Norman Powell, TOR",7.0,162,9.6,.552,20.0,73.2
13,9.5,15.2,0.7,57,9.9,,,,,,,,,,,,,,,8.4,14.08,"Thon Maker, MIL",11.8,163,7.0,.558,16.5,21.6
14,31.4,9.4,2.5,64,25.9,,,,,,,,,,,,,,,0.9,14.02,"Deron Williams, CLE/DAL",5.1,164,12.0,.541,18.7,74.7
15,14.5,8.3,3.9,68,32.9,,,,,,,,,,,,,,,2.1,13.99,"Evan Fournier, ORL",5.1,165,10.1,.555,22.5,116.4
16,10.5,16.7,2.1,75,16.4,,,,,,,,,,,,,,,6.2,13.96,"Justin Anderson, DAL/PHI",11.3,166,10.5,.538,21.6,63.4
17,23.9,11.1,2.2,69,18.7,,,,,,,,,,,,,,,2.5,13.94,"Manu Ginobili, SA",6.9,167,12.5,.532,20.4,66.4
18,39.6,8.7,1.1,60,12.9,,,,,,,,,,,,,,,1.5,13.86,"Tyus Jones, MIN",5.0,168,9.6,.523,15.2,33.0
19,23.0,13.0,1.5,65,16.7,,,,,,,,,,,,,,,1.1,13.84,"Devin Harris, DAL",6.8,169,9.6,.549,19.3,46.1
20,8.9,23.0,2.3,71,20.0,,,,,,,,,,,,,,,9.7,13.82,"Kosta Koufos, SAC",16.4,170,11.6,.560,14.2,68.2
21,AST,DRR,EWA,GP,MPG,,,,,,,,,,,,,,,ORR,PER,PLAYER,REBR,RK,TO,TS%,USG,VA
22,6.2,12.4,2.9,76,23.4,,,,,,,,,,,,,,,1.9,13.77,"C.J. Miles, IND",7.2,171,5.3,.592,16.9,86.7
23,10.2,18.2,2.7,76,31.2,,,,,,,,,,,,,,,5.1,13.75,"Markieff Morris, WSH",11.7,172,10.4,.540,19.3,79.6
24,11.3,19.8,2.6,76,30.2,,,,,,,,,,,,,,,4.2,13.74,"Marvin Williams, CHA",12.0,173,6.4,.551,15.2,76.6
25,42.9,11.0,2.9,81,26.3,,,,,,,,,,,,,,,2.0,13.73,"T.J. McConnell, PHI",6.5,174,12.8,.504,16.3,86.8
26,16.7,21.1,2.8,78,22.6,,,,,,,,,,,,,,,5.8,13.71,"Rondae Hollis-Jefferson, BKN",13.6,175,12.6,.517,17.8,84.4
27,9.4,23.0,0.7,56,12.3,,,,,,,,,,,,,,,9.7,13.65,"Kris Humphries, ATL",16.4,176,9.1,.514,16.5,22.1
28,13.6,12.6,3.4,67,33.2,,,,,,,,,,,,,,,1.9,13.62,"Victor Oladipo, OKC",7.2,177,9.2,.534,20.8,103.5
29,11.0,17.0,1.8,64,18.4,,,,,,,,,,,,,,,6.5,13.61,"Justin Hamilton, BKN",11.8,178,8.6,.550,15.0,52.9
30,8.3,20.4,1.1,74,14.4,,,,,,,,,,,,,,,6.8,13.61,"Jason Smith, WSH",13.6,,13.0,.598,15.6,33.6
31,21.4,11.5,0.7,53,9.7,,,,,,,,,,,,,,,1.7,13.61,"Shabazz Napier, POR",6.6,,13.1,.533,20.9,19.9
32,AST,DRR,EWA,GP,MPG,,,,,,,,,,,,,,,ORR,PER,PLAYER,REBR,RK,TO,TS%,USG,VA
33,38.0,16.6,2.4,69,26.7,,,,,,,,,,,,,,,4.2,13.59,"Rajon Rondo, CHI",10.4,181,13.9,.461,19.9,71.2
34,9.0,15.9,1.0,48,14.2,,,,,,,,,,,,,,,8.7,13.58,"Roy Hibbert, DEN/CHA",12.3,182,13.7,.614,15.4,30.3
35,9.3,12.3,3.2,81,25.7,,,,,,,,,,,,,,,1.9,13.56,"Bojan Bogdanovic, BKN/WSH",7.2,183,11.0,.585,20.8,95.2
36,11.2,21.1,2.1,77,27.3,,,,,,,,,,,,,,,8.8,13.56,"JaMychal Green, MEM",14.8,,12.5,.602,13.8,64.4
37,7.1,11.2,2.1,72,29.4,,,,,,,,,,,,,,,5.8,13.53,"Ryan Anderson, HOU",8.5,185,5.7,.583,16.7,64.2
38,9.4,10.8,2.9,78,25.1,,,,,,,,,,,,,,,1.0,13.46,"Terrence Ross, ORL/TOR",5.9,186,7.3,.550,17.5,86.5
39,9.1,18.7,0.8,62,13.6,,,,,,,,,,,,,,,5.7,13.41,"Juan Hernangomez, DEN",12.3,187,9.8,.592,13.9,24.0
40,16.2,10.2,2.6,74,24.0,,,,,,,,,,,,,,,0.9,13.40,"Marco Belinelli, CHA",5.5,188,7.7,.566,18.3,76.9
41,11.5,13.8,2.7,71,27.0,,,,,,,,,,,,,,,9.7,13.33,"Tony Allen, MEM",11.7,189,11.8,.493,17.1,80.9
42,9.8,17.9,2.9,67,31.6,,,,,,,,,,,,,,,4.8,13.27,"Robert Covington, PHI",11.3,190,12.6,.534,18.0,87.6
43,AST,DRR,EWA,GP,MPG,,,,,,,,,,,,,,,ORR,PER,PLAYER,REBR,RK,TO,TS%,USG,VA
44,14.0,9.3,2.7,82,29.2,,,,,,,,,,,,,,,2.2,13.23,"Jordan Clarkson, LAL",5.6,191,10.8,.526,22.6,79.7
45,24.4,10.4,2.2,80,25.0,,,,,,,,,,,,,,,2.9,13.22,"Cory Joseph, TOR",6.6,192,9.9,.518,18.5,66.4
46,14.9,9.1,1.5,77,14.8,,,,,,,,,,,,,,,2.3,13.22,"Ian Clark, GS",5.9,,9.1,.575,18.5,46.2
47,13.4,8.1,3.1,75,31.0,,,,,,,,,,,,,,,1.4,13.22,"Eric Gordon, HOU",4.7,,8.6,.557,21.2,94.3
48,24.3,9.9,1.1,63,16.3,,,,,,,,,,,,,,,1.8,13.21,"Jerian Grant, CHI",5.8,195,8.8,.555,16.4,33.9
49,10.3,10.8,2.9,77,28.9,,,,,,,,,,,,,,,6.2,13.16,"Maurice Harkless, POR",8.5,196,10.1,.570,14.2,88.2
50,13.9,15.4,2.3,70,25.1,,,,,,,,,,,,,,,1.3,13.16,"Sean Kilpatrick, BKN",8.4,,11.9,.546,22.4,69.5
51,12.2,10.9,1.0,36,20.5,,,,,,,,,,,,,,,0.7,13.15,"Jodie Meeks, ORL",5.7,198,9.7,.567,18.3,29.2
52,25.5,9.1,1.3,46,26.0,,,,,,,,,,,,,,,1.8,13.15,"Yogi Ferrell, DAL/BKN",5.3,,10.4,.533,19.4,38.4
53,14.6,15.9,2.4,75,26.1,,,,,,,,,,,,,,,3.2,13.12,"Frank Kaminsky, CHA",9.5,200,6.9,.502,20.7,73.3
0,8.0,21.6,1.5,75,15.5,,,,,,,,,,,,,,,10.0,13.11,"Aron Baynes, DET",15.6,201,12.4,.570,13.3,43.5
1,28.7,7.3,1.7,63,25.2,,,,,,,,,,,,,,,0.7,13.10,"Tony Parker, SA",4.0,202,8.9,.514,20.8,49.8
2,13.2,14.6,1.8,77,18.4,,,,,,,,,,,,,,,7.2,13.09,"Sam Dekker, HOU",10.9,203,7.1,.549,14.3,54.9
3,29.1,15.8,2.1,67,30.7,,,,,,,,,,,,,,,5.0,13.06,"Patrick Beverley, HOU",10.4,204,10.4,.546,14.6,63.3
4,29.3,7.5,1.1,61,18.4,,,,,,,,,,,,,,,1.9,13.05,"Tyler Ulis, PHX",4.6,205,10.0,.474,21.2,34.3
5,17.7,17.0,0.6,51,10.3,,,,,,,,,,,,,,,9.2,13.04,"Tyler Zeller, BOS",13.2,206,8.4,.508,15.8,19.1
6,14.1,10.4,1.0,67,12.1,,,,,,,,,,,,,,,3.2,12.94,"Davis Bertans, SA",6.9,207,9.8,.609,15.0,29.5
7,5.0,23.8,0.7,39,15.0,,,,,,,,,,,,,,,8.3,12.91,"Alexis Ajinca, NO",16.0,208,13.0,.529,15.6,20.2
8,15.0,8.7,3.0,76,33.3,,,,,,,,,,,,,,,2.3,12.90,"Kentavious Caldwell-Pope, DET",5.3,209,6.7,.519,18.7,90.4
9,13.9,14.9,0.4,41,15.6,,,,,,,,,,,,,,,4.4,12.89,"Darrell Arthur, DEN",9.7,210,11.9,.583,16.9,13.2
10,AST,DRR,EWA,GP,MPG,,,,,,,,,,,,,,,ORR,PER,PLAYER,REBR,RK,TO,TS%,USG,VA
11,13.1,20.8,1.4,81,26.3,,,,,,,,,,,,,,,5.8,12.84,"Dario Saric, PHI",13.3,211,13.2,.508,23.3,42.5
12,16.5,12.8,2.1,78,23.6,,,,,,,,,,,,,,,2.1,12.82,"Joe Johnson, UTAH",7.6,212,7.9,.542,17.8,63.9
13,29.7,10.7,1.1,59,22.6,,,,,,,,,,,,,,,2.2,12.72,"Spencer Dinwiddie, BKN",6.5,213,10.6,.581,14.3,34.2
14,13.8,13.1,1.8,82,20.0,,,,,,,,,,,,,,,1.8,12.71,"Justin Holiday, NY",7.4,214,8.9,.549,16.5,54.0
15,18.2,23.9,0.6,62,8.6,,,,,,,,,,,,,,,11.0,12.69,"Cole Aldrich, MIN",17.4,215,12.3,.549,9.3,16.6
16,10.4,8.5,1.6,62,24.2,,,,,,,,,,,,,,,1.3,12.68,"Wayne Ellington, MIA",4.9,216,4.5,.565,16.9,48.7
17,14.2,20.2,1.0,70,14.0,,,,,,,,,,,,,,,8.1,12.63,"Joffrey Lauvergne, CHI/OKC",14.1,217,11.3,.509,20.3,29.7
18,25.2,19.0,1.1,72,14.2,,,,,,,,,,,,,,,3.7,12.59,"Kyle Anderson, SA",11.5,218,10.7,.525,12.2,31.8
19,12.0,12.8,1.2,79,32.5,,,,,,,,,,,,,,,3.2,12.47,"Marcus Morris Sr., DET",7.8,219,6.5,.508,19.5,37.2
20,10.9,13.1,1.6,59,27.0,,,,,,,,,,,,,,,1.2,12.47,"Rodney Hood, UTAH",7.3,,7.4,.522,21.5,46.8
21,AST,DRR,EWA,GP,MPG,,,,,,,,,,,,,,,ORR,PER,PLAYER,REBR,RK,TO,TS%,USG,VA
22,13.3,8.4,1.0,68,14.9,,,,,,,,,,,,,,,5.0,12.45,"Mindaugas Kuzminskas, NY",6.7,221,9.8,.534,18.6,29.6
23,27.7,13.6,1.9,82,24.0,,,,,,,,,,,,,,,1.4,12.44,"Joe Ingles, UTAH",7.6,222,13.2,.604,14.2,57.1
24,16.0,9.1,0.8,54,21.1,,,,,,,,,,,,,,,2.3,12.41,"Brandon Knight, PHX",5.6,223,10.9,.502,24.4,23.9
25,37.4,9.7,1.1,65,23.5,,,,,,,,,,,,,,,2.3,12.40,"Tim Frazier, NO",6.0,224,11.3,.504,17.4,31.8
26,15.9,15.9,2.6,80,34.7,,,,,,,,,,,,,,,2.1,12.38,"Trevor Ariza, HOU",9.0,225,6.6,.548,13.7,77.9
27,6.8,16.1,0.8,82,21.3,,,,,,,,,,,,,,,5.8,12.38,"Marquese Chriss, PHX",10.8,,12.3,.529,18.5,22.8
28,26.3,8.5,0.5,50,16.2,,,,,,,,,,,,,,,1.5,12.34,"Ramon Sessions, CHA",4.9,227,9.4,.495,20.1,16.2
29,9.0,16.4,0.9,54,20.4,,,,,,,,,,,,,,,9.9,12.30,"Timofey Mozgov, LAL",13.1,228,15.1,.553,15.9,28.0
30,18.6,13.9,1.1,57,21.7,,,,,,,,,,,,,,,2.0,12.29,"Caris LeVert, BKN",8.0,229,10.0,.556,15.9,33.0
31,12.1,25.6,1.4,81,22.1,,,,,,,,,,,,,,,9.3,12.23,"Bismack Biyombo, ORL",17.2,230,15.5,.546,12.5,43.5
32,AST,DRR,EWA,GP,MPG,,,,,,,,,,,,,,,ORR,PER,PLAYER,REBR,RK,TO,TS%,USG,VA
33,18.0,9.1,2.1,77,31.9,,,,,,,,,,,,,,,2.3,12.20,"Courtney Lee, NY",5.7,231,6.9,.559,14.3,62.2
34,6.6,15.7,0.5,54,11.6,,,,,,,,,,,,,,,14.1,12.19,"Jakob Poeltl, TOR",14.9,232,16.0,.589,11.2,14.9
35,15.4,11.0,1.5,67,26.2,,,,,,,,,,,,,,,0.5,12.17,"Kyle Korver, ATL/CLE",5.8,233,9.7,.635,14.3,43.7
36,18.7,6.9,1.5,73,24.9,,,,,,,,,,,,,,,1.9,12.13,"E'Twaun Moore, NO",4.4,234,7.1,.537,16.7,44.2
37,35.1,10.1,1.0,81,22.2,,,,,,,,,,,,,,,1.7,12.09,"Brandon Jennings, NY/WSH",5.9,235,11.4,.479,19.4,29.2
38,26.3,10.4,1.3,79,30.4,,,,,,,,,,,,,,,3.7,12.07,"Marcus Smart, BOS",7.1,236,11.5,.486,18.9,38.4
39,16.3,5.7,1.7,82,26.3,,,,,,,,,,,,,,,0.9,12.06,"Jamal Crawford, LAC",3.3,237,10.3,.525,21.7,50.1
40,10.7,13.9,0.4,47,11.4,,,,,,,,,,,,,,,3.3,12.02,"Gerald Green, BOS",8.7,238,8.1,.524,21.1,12.2
41,7.3,8.2,0.4,32,17.0,,,,,,,,,,,,,,,7.6,12.00,"Derrick Jones Jr., PHX",7.9,239,7.9,.604,11.0,12.2
42,16.0,10.7,1.3,82,21.5,,,,,,,,,,,,,,,2.6,11.97,"Jamal Murray, DEN",6.7,240,10.6,.518,21.2,38.6
43,AST,DRR,EWA,GP,MPG,,,,,,,,,,,,,,,ORR,PER,PLAYER,REBR,RK,TO,TS%,USG,VA
44,17.0,11.8,1.8,73,34.2,,,,,,,,,,,,,,,0.8,11.93,"Wesley Matthews, DAL",6.0,241,8.2,.533,18.5,53.3
45,18.0,14.7,1.1,62,25.7,,,,,,,,,,,,,,,3.8,11.92,"Thabo Sefolosha, ATL",9.3,242,9.8,.519,12.9,33.9
46,11.8,13.6,1.3,82,23.0,,,,,,,,,,,,,,,2.0,11.89,"Buddy Hield, NO/SAC",7.8,243,9.9,.541,19.0,39.3
47,10.1,12.7,1.3,72,26.1,,,,,,,,,,,,,,,3.8,11.88,"DeMarre Carroll, TOR",8.3,244,7.4,.530,14.7,38.8
48,7.6,18.0,0.4,38,14.7,,,,,,,,,,,,,,,3.9,11.87,"Quincy Acy, DAL/BKN",11.0,245,8.9,.565,17.8,11.4
49,18.4,12.5,1.1,73,24.7,,,,,,,,,,,,,,,2.2,11.69,"Vince Carter, MEM",7.2,246,6.9,.542,14.7,31.9
50,21.2,14.5,0.1,61,14.3,,,,,,,,,,,,,,,13.7,11.65,"Lavoy Allen, IND",14.1,247,10.8,.485,10.6,1.9
51,8.6,17.7,0.4,42,15.5,,,,,,,,,,,,,,,3.1,11.65,"Alec Burks, UTAH",10.6,,10.1,.501,21.1,11.2
52,11.0,10.2,1.3,79,28.5,,,,,,,,,,,,,,,0.9,11.64,"Allen Crabbe, POR",5.6,249,7.2,.602,14.1,38.4
53,16.1,10.3,1.1,73,26.9,,,,,,,,,,,,,,,2.6,11.60,"Kent Bazemore, ATL",6.5,250,11.4,.504,19.7,32.3
0,5.7,14.1,0.3,49,10.3,,,,,,,,,,,,,,,3.2,11.59,"KJ McDaniels, HOU/BKN",8.7,251,12.7,.555,15.2,8.2
1,15.0,10.3,0.5,67,14.4,,,,,,,,,,,,,,,1.6,11.53,"Leandro Barbosa, PHX",5.9,252,8.9,.509,19.4,14.8
2,33.6,8.8,0.5,75,27.3,,,,,,,,,,,,,,,1.5,11.52,"Jameer Nelson, DEN",5.2,253,11.2,.544,17.0,15.8
3,6.3,15.9,0.0,55,15.6,,,,,,,,,,,,,,,8.4,11.52,"Pascal Siakam, TOR",12.2,,12.3,.523,12.2,0.2
4,10.8,20.9,0.0,46,17.2,,,,,,,,,,,,,,,13.4,11.50,"Ed Davis, POR",17.1,255,15.4,.563,11.3,0.0
5,10.3,14.6,0.7,69,20.7,,,,,,,,,,,,,,,4.5,11.49,"Glenn Robinson III, IND",9.6,256,8.1,.564,12.0,21.1
6,22.7,14.2,0.8,65,25.5,,,,,,,,,,,,,,,2.4,11.48,"Evan Turner, POR",8.3,257,11.1,.491,18.4,24.2
7,18.0,7.5,0.5,74,27.8,,,,,,,,,,,,,,,1.1,11.44,"Austin Rivers, LAC",4.4,258,10.1,.545,19.5,13.6
8,13.8,23.5,0.7,61,29.1,,,,,,,,,,,,,,,4.8,11.31,"Al-Farouq Aminu, POR",14.1,259,13.1,.505,14.7,21.3
9,23.6,10.1,0.6,65,26.6,,,,,,,,,,,,,,,2.2,11.19,"Garrett Temple, SAC",6.2,260,11.0,.545,14.1,17.8
10,AST,DRR,EWA,GP,MPG,,,,,,,,,,,,,,,ORR,PER,PLAYER,REBR,RK,TO,TS%,USG,VA
11,14.8,14.4,-0.2,65,22.7,,,,,,,,,,,,,,,4.0,11.17,"Anthony Tolliver, SAC",9.3,261,10.8,.595,12.9,-7.3
12,33.7,9.9,0.1,68,22.3,,,,,,,,,,,,,,,1.5,11.13,"Sergio Rodriguez, PHI",5.7,262,12.6,.484,20.4,2.9
13,23.6,7.4,0.0,78,19.7,,,,,,,,,,,,,,,1.0,11.01,"D.J. Augustin, ORL",4.1,263,10.1,.524,19.4,0.2
14,15.2,18.6,-0.3,65,18.3,,,,,,,,,,,,,,,5.5,11.00,"Nemanja Bjelica, MIN",12.0,264,11.3,.526,16.0,-8.9
15,22.5,11.6,-0.0,55,25.6,,,,,,,,,,,,,,,2.3,10.95,"Emmanuel Mudiay, DEN",7.0,265,12.8,.483,22.9,-1.1
16,24.6,6.8,-0.0,53,11.1,,,,,,,,,,,,,,,1.6,10.94,"Tyler Ennis, HOU/LAL",4.2,266,12.9,.521,19.8,-0.5
17,23.4,11.9,-0.1,80,21.3,,,,,,,,,,,,,,,2.2,10.90,"Raymond Felton, LAC",7.2,267,10.2,.496,16.3,-2.5
18,23.4,9.8,-0.1,55,21.9,,,,,,,,,,,,,,,2.0,10.90,"Shelvin Mack, UTAH",6.0,,13.7,.518,19.5,-1.8
19,21.2,16.3,-0.1,74,17.1,,,,,,,,,,,,,,,3.6,10.90,"Terry Rozier, BOS",10.0,,7.6,.466,16.7,-1.9
20,24.1,6.4,-0.0,57,12.3,,,,,,,,,,,,,,,1.1,10.90,"Trey Burke, WSH",3.8,,11.5,.532,19.7,-1.1
21,AST,DRR,EWA,GP,MPG,,,,,,,,,,,,,,,ORR,PER,PLAYER,REBR,RK,TO,TS%,USG,VA
22,14.0,10.0,0.3,72,23.2,,,,,,,,,,,,,,,2.2,10.81,"Gerald Henderson, PHI",6.1,271,7.9,.530,17.0,7.7
23,14.5,16.3,-0.6,65,24.6,,,,,,,,,,,,,,,4.4,10.80,"Patrick Patterson, TOR",10.4,272,7.2,.542,12.0,-16.8
24,7.6,22.5,-0.5,74,17.1,,,,,,,,,,,,,,,11.4,10.78,"Noah Vonleh, POR",17.0,273,15.8,.525,12.2,-13.6
25,9.2,11.5,0.2,66,22.8,,,,,,,,,,,,,,,1.4,10.77,"Doug McDermott, CHI/OKC",6.4,274,6.0,.554,16.9,6.1
26,21.0,15.9,0.1,54,9.6,,,,,,,,,,,,,,,5.5,10.75,"Nicolas Brussino, DAL",10.5,275,11.6,.498,15.5,2.0
27,8.3,15.1,-0.3,50,16.1,,,,,,,,,,,,,,,2.6,10.72,"Derrick Williams, CLE/MIA",8.9,276,8.3,.537,13.4,-9.3
28,18.5,9.2,0.2,53,30.5,,,,,,,,,,,,,,,2.4,10.71,"Josh Richardson, MIA",5.8,277,8.7,.493,16.5,5.1
29,13.0,14.9,0.1,64,23.5,,,,,,,,,,,,,,,5.1,10.62,"James Ennis III, MEM",9.9,278,12.0,.581,12.5,2.6
30,21.3,15.9,0.1,64,21.3,,,,,,,,,,,,,,,2.4,10.58,"Jared Dudley, PHX",9.0,279,12.8,.579,13.8,1.6
31,10.3,12.8,0.1,69,22.2,,,,,,,,,,,,,,,2.7,10.57,"Jeff Green, ORL",7.6,280,9.5,.505,19.1,1.7
32,AST,DRR,EWA,GP,MPG,,,,,,,,,,,,,,,ORR,PER,PLAYER,REBR,RK,TO,TS%,USG,VA
33,14.4,17.7,0.0,81,27.6,,,,,,,,,,,,,,,5.6,10.54,"P.J. Tucker, PHX/TOR",11.6,281,9.6,.516,11.0,1.5
34,7.5,7.8,-0.0,67,17.7,,,,,,,,,,,,,,,2.1,10.48,"Troy Daniels, MEM",4.8,282,7.4,.531,20.4,-0.3
35,14.2,10.5,0.0,33,17.4,,,,,,,,,,,,,,,4.3,10.44,"Marcus Thornton, WSH",7.5,283,8.7,.494,18.0,0.0
36,13.1,9.3,-0.1,74,20.2,,,,,,,,,,,,,,,1.9,10.41,"Langston Galloway, NO/SAC",5.6,284,6.5,.510,18.1,-2.0
37,24.0,19.7,-0.1,74,24.0,,,,,,,,,,,,,,,4.6,10.36,"Matt Barnes, GS/SAC",12.3,285,13.1,.514,13.1,-3.8
38,10.5,14.4,-0.1,78,17.2,,,,,,,,,,,,,,,3.8,10.33,"Jaylen Brown, BOS",9.1,286,11.2,.539,16.8,-3.4
39,7.8,7.7,-1.1,80,22.3,,,,,,,,,,,,,,,2.8,10.25,"Luc Mbah a Moute, LAC",5.3,287,9.2,.581,10.7,-33.4
40,8.5,14.2,-1.1,66,25.0,,,,,,,,,,,,,,,3.6,10.20,"Dante Cunningham, NO",8.9,288,6.4,.586,9.8,-31.9
41,18.7,11.8,-0.3,68,26.6,,,,,,,,,,,,,,,2.0,10.16,"Danny Green, SA",7.0,289,11.5,.537,13.2,-9.1
42,9.5,12.1,-0.3,80,19.1,,,,,,,,,,,,,,,2.7,10.14,"Jerami Grant, PHI/OKC",7.4,290,9.1,.556,22.4,-8.3
43,AST,DRR,EWA,GP,MPG,,,,,,,,,,,,,,,ORR,PER,PLAYER,REBR,RK,TO,TS%,USG,VA
44,13.0,17.7,-0.3,56,26.5,,,,,,,,,,,,,,,4.5,10.13,"Luol Deng, LAL",10.8,291,7.6,.470,13.7,-8.2
45,9.2,7.1,-0.2,68,15.5,,,,,,,,,,,,,,,1.9,10.11,"Alex Abrines, OKC",4.5,292,7.6,.560,15.2,-6.1
46,15.7,12.5,-0.2,53,15.9,,,,,,,,,,,,,,,2.4,10.11,"Mike Dunleavy, ATL/CLE",7.6,,8.8,.573,13.8,-4.9
47,25.6,9.4,-0.6,76,17.7,,,,,,,,,,,,,,,2.4,10.10,"Shaun Livingston, GS",6.2,294,11.4,.568,12.9,-18.0
48,8.4,2.9,-0.1,49,14.6,,,,,,,,,,,,,,,1.9,10.09,"Anthony Morrow, CHI/OKC",2.4,295,2.0,.505,16.6,-4.4
49,24.0,10.3,-0.5,74,27.0,,,,,,,,,,,,,,,1.1,9.99,"Monta Ellis, IND",5.7,296,13.7,.514,16.7,-15.3
50,15.2,0.0,-0.2,36,17.9,,,,,,,,,,,,,,,0.0,9.98,"Omri Casspi, NO/MIN/SAC",0.0,297,11.9,.523,18.1,-5.0
51,11.4,18.1,-0.9,71,16.3,,,,,,,,,,,,,,,4.9,9.97,"Trey Lyles, UTAH",11.7,298,10.5,.464,20.4,-26.5
52,21.8,16.6,-0.5,45,18.8,,,,,,,,,,,,,,,3.0,9.92,"Michael Carter-Williams, CHI",9.8,299,12.7,.437,21.2,-13.7
53,18.5,11.1,-0.4,78,17.8,,,,,,,,,,,,,,,1.7,9.91,"Jonathon Simmons, SA",6.5,300,11.2,.504,17.6,-12.3
0,12.4,14.6,-0.3,59,16.6,,,,,,,,,,,,,,,2.8,9.88,"Taurean Prince, ATL",8.8,301,13.8,.513,16.4,-9.1
1,8.9,10.6,-0.4,61,19.3,,,,,,,,,,,,,,,1.9,9.87,"Ben McLemore, SAC",6.3,302,10.8,.538,18.6,-11.0
2,13.4,11.1,-0.9,80,29.2,,,,,,,,,,,,,,,1.1,9.75,"Tony Snell, MIL",6.2,303,7.7,.603,11.4,-26.3
3,12.3,14.2,-1.0,79,30.1,,,,,,,,,,,,,,,4.6,9.64,"Andre Roberson, OKC",9.4,304,7.9,.510,9.7,-30.6
4,24.6,6.3,-0.6,65,13.8,,,,,,,,,,,,,,,2.3,9.62,"Aaron Brooks, IND",4.3,305,12.8,.507,19.1,-18.5
5,19.6,12.4,0.0,39,17.8,,,,,,,,,,,,,,,1.0,9.53,"Rodney Stuckey, IND",6.8,306,12.4,.483,21.5,0.0
6,33.5,7.1,-1.5,76,26.1,,,,,,,,,,,,,,,1.4,9.44,"Matthew Dellavedova, MIL",4.3,307,12.5,.501,17.0,-46.2
7,27.6,33.9,0.0,27,21.6,,,,,,,,,,,,,,,10.6,9.31,"Andrew Bogut, CLE/DAL",21.7,308,24.2,.460,0.0,0.0
8,26.0,8.1,-0.9,62,16.3,,,,,,,,,,,,,,,1.7,9.30,"C.J. Watson, ORL",4.8,309,10.7,.507,14.2,-25.7
9,18.3,19.1,-1.4,78,15.8,,,,,,,,,,,,,,,5.4,9.29,"Jonas Jerebko, BOS",12.3,310,10.0,.537,11.0,-40.7
10,AST,DRR,EWA,GP,MPG,,,,,,,,,,,,,,,ORR,PER,PLAYER,REBR,RK,TO,TS%,USG,VA
11,18.3,11.5,-0.9,82,15.6,,,,,,,,,,,,,,,2.7,9.16,"Corey Brewer, HOU/LAL",7.1,311,10.4,.491,12.6,-25.6
12,25.1,7.7,-0.9,74,18.4,,,,,,,,,,,,,,,1.3,9.11,"Jason Terry, MIL",4.5,312,9.2,.600,9.7,-28.2
13,8.1,14.0,-1.1,79,20.3,,,,,,,,,,,,,,,4.3,9.10,"Kelly Oubre Jr., WSH",9.2,313,8.6,.516,13.6,-33.6
14,18.5,9.2,-1.4,78,25.2,,,,,,,,,,,,,,,5.2,9.09,"Rodney McGruder, MIA",7.2,314,8.3,.506,12.1,-41.3
15,15.2,9.9,-1.4,76,25.5,,,,,,,,,,,,,,,2.3,9.06,"Iman Shumpert, CLE",6.2,315,10.9,.536,13.3,-41.5
16,10.5,11.2,-0.4,30,18.6,,,,,,,,,,,,,,,3.0,9.06,"Troy Williams, HOU/MEM",7.0,,13.4,.511,15.3,-12.0
17,18.5,10.3,-1.6,80,27.4,,,,,,,,,,,,,,,1.1,9.05,"Nik Stauskas, PHI",5.7,317,12.6,.540,15.9,-47.3
18,28.4,9.8,-1.0,73,17.6,,,,,,,,,,,,,,,4.3,9.04,"Boris Diaw, UTAH",7.1,318,14.5,.494,16.0,-29.8
19,11.0,12.0,-0.8,52,21.9,,,,,,,,,,,,,,,1.5,9.04,"Joe Harris, BKN",6.8,,11.2,.558,15.3,-24.8
20,13.4,8.4,-1.2,61,25.9,,,,,,,,,,,,,,,0.7,9.02,"Arron Afflalo, SAC",4.6,320,7.2,.559,13.6,-35.0
21,AST,DRR,EWA,GP,MPG,,,,,,,,,,,,,,,ORR,PER,PLAYER,REBR,RK,TO,TS%,USG,VA
22,14.2,19.1,-1.5,74,16.5,,,,,,,,,,,,,,,2.4,8.96,"Meyers Leonard, POR",10.8,321,7.0,.507,14.8,-46.3
23,32.8,12.1,-0.6,41,13.1,,,,,,,,,,,,,,,3.0,8.94,"Jose Calderon, ATL/LAL",7.5,322,15.3,.506,14.1,-16.6
24,9.2,15.4,-1.5,70,16.2,,,,,,,,,,,,,,,1.1,8.81,"Mirza Teletovic, MIL",8.3,323,7.1,.515,17.7,-45.4
25,3.8,25.3,-0.8,42,13.3,,,,,,,,,,,,,,,8.4,8.74,"Jarell Martin, MEM",16.6,324,13.4,.477,15.2,-23.0
26,27.2,9.0,-1.7,72,20.5,,,,,,,,,,,,,,,1.7,8.69,"Andrew Harrison, MEM",5.3,325,11.7,.477,16.9,-50.9
27,20.6,7.6,-1.3,71,15.1,,,,,,,,,,,,,,,2.3,8.60,"Patrick McCaw, GS",5.1,326,9.6,.540,11.6,-38.5
28,18.9,9.3,-1.5,66,18.6,,,,,,,,,,,,,,,2.9,8.58,"Dante Exum, UTAH",6.2,327,13.6,.521,17.6,-44.3
29,15.6,12.7,-2.2,79,28.8,,,,,,,,,,,,,,,2.8,8.56,"Brandon Ingram, LAL",7.6,328,10.9,.474,16.4,-66.1
30,13.3,11.5,-1.2,69,17.2,,,,,,,,,,,,,,,2.3,8.51,"Timothe Luwawu-Cabarrot, PHI",6.9,329,13.0,.536,16.9,-35.3
31,31.6,9.1,-0.7,57,12.6,,,,,,,,,,,,,,,3.9,8.49,"Tomas Satoransky, WSH",6.5,330,13.0,.477,12.7,-21.5
32,AST,DRR,EWA,GP,MPG,,,,,,,,,,,,,,,ORR,PER,PLAYER,REBR,RK,TO,TS%,USG,VA
33,9.3,20.9,-0.8,68,11.9,,,,,,,,,,,,,,,3.7,8.41,"Wesley Johnson, LAC",12.5,331,7.2,.448,11.6,-25.3
34,10.7,12.3,-1.0,46,21.0,,,,,,,,,,,,,,,3.6,8.39,"Lance Thomas, NY",7.9,332,7.7,.516,12.5,-30.5
35,10.3,13.5,-1.2,68,15.7,,,,,,,,,,,,,,,1.2,8.32,"Luke Babbitt, MIA",7.3,333,7.2,.563,12.3,-34.7
36,15.0,11.6,-1.8,79,20.4,,,,,,,,,,,,,,,2.0,8.29,"Richard Jefferson, CLE",6.9,334,10.0,.574,11.7,-53.3
37,19.1,12.7,-0.7,18,34.7,,,,,,,,,,,,,,,4.0,8.20,"Justise Winslow, MIA",8.3,335,9.6,.399,19.5,-21.5
38,30.5,12.6,-1.9,78,17.1,,,,,,,,,,,,,,,2.1,8.13,"Kris Dunn, MIN",7.3,336,14.4,.432,15.0,-57.0
39,15.1,8.1,-0.8,39,15.2,,,,,,,,,,,,,,,1.1,8.12,"Isaiah Canaan, CHI",4.6,337,8.6,.483,15.1,-25.5
40,13.8,8.6,-1.4,41,29.0,,,,,,,,,,,,,,,1.6,8.11,"JR Smith, CLE",5.2,338,5.8,.484,13.8,-42.4
41,18.6,11.4,-2.9,80,29.7,,,,,,,,,,,,,,,2.3,8.06,"Solomon Hill, NO",6.8,339,10.8,.527,11.0,-86.5
42,13.5,13.5,0.0,40,18.8,,,,,,,,,,,,,,,2.7,7.93,"Hollis Thompson, NO/PHI",8.1,340,4.3,.482,10.3,0.0
43,AST,DRR,EWA,GP,MPG,,,,,,,,,,,,,,,ORR,PER,PLAYER,REBR,RK,TO,TS%,USG,VA
44,17.2,13.6,-0.9,34,19.9,,,,,,,,,,,,,,,1.0,7.69,"Chandler Parsons, MEM",7.1,341,7.5,.436,17.5,-28.3
45,14.2,12.4,-2.3,81,20.3,,,,,,,,,,,,,,,3.7,7.68,"Dorian Finney-Smith, DAL",7.9,342,9.5,.486,10.9,-69.1
46,21.5,9.7,-2.8,73,22.5,,,,,,,,,,,,,,,2.1,7.59,"Isaiah Whitehead, BKN",5.9,343,15.9,.487,17.7,-83.6
47,26.9,9.8,-2.1,73,17.1,,,,,,,,,,,,,,,0.9,7.56,"Malcolm Delaney, ATL",5.4,344,13.3,.456,18.6,-64.1
48,26.8,10.8,-1.3,52,16.5,,,,,,,,,,,,,,,1.5,7.51,"Ron Baker, NY",6.2,345,14.0,.456,15.3,-38.2
49,21.1,12.1,-1.2,62,12.5,,,,,,,,,,,,,,,2.9,7.51,"DeAndre Liggins, CLE/DAL",7.7,,16.4,.476,11.3,-34.7
50,23.8,11.9,-2.0,69,18.6,,,,,,,,,,,,,,,0.8,7.33,"Randy Foye, BKN",6.4,347,14.1,.506,14.2,-60.8
51,15.4,15.6,-1.5,57,17.1,,,,,,,,,,,,,,,1.2,7.32,"Denzel Valentine, CHI",8.3,348,12.0,.492,15.1,-46.4
52,13.1,14.7,-1.5,65,14.8,,,,,,,,,,,,,,,2.2,7.27,"Mario Hezonja, ORL",8.3,349,12.3,.450,17.9,-46.3
53,18.6,12.7,-2.3,77,17.8,,,,,,,,,,,,,,,2.8,7.18,"Stanley Johnson, DET",7.5,350,12.6,.437,14.7,-68.0
0,11.4,14.2,-1.5,44,19.2,,,,,,,,,,,,,,,1.9,6.99,"Paul Zipser, CHI",8.0,351,12.7,0.503,13.9,-44.2
1,12.1,16.5,-3.7,81,20.1,,,,,,,,,,,,,,,3.1,6.93,"Domantas Sabonis, OKC",9.8,352,12.3,0.469,15.0,-111.4
2,16.8,9.5,-2.0,47,21.9,,,,,,,,,,,,,,,1.8,6.62,"Brandon Rush, MIN",5.6,353,10.5,0.505,9.4,-59.7
3,31.7,7.9,-2.6,64,15.2,,,,,,,,,,,,,,,2.2,5.72,"Semaj Christon, OKC",5.0,354,10.5,0.387,13.0,-76.7
4,10.4,15.6,-1.8,43,13.3,,,,,,,,,,,,,,,4.2,5.32,"Dragan Bender, PHX",9.7,355,14.5,0.44,13.7,-53.0
